problem_id,direction,model,source,reference,eng,trg,ans,output
0,eng_math,gpt-4o,Janet‚Äôs ducks lay 16 eggs per day. She eats three for breakfast every morning and bakes muffins for her friends every day with four. She sells the remainder at the farmers' market daily for $2 per fresh duck egg. How much in dollars does she make every day at the farmers' market?,18,Janet‚Äôs ducks lay 16 eggs per day. She eats three for breakfast every morning and bakes muffins for her friends every day with four. She sells the remainder at the farmers' market daily for $2 per fresh duck egg. How much in dollars does she make every day at the farmers' market?,kudyom ordak…ôt À§≈æanet 16 bee k…ôwyi. kud baqatyom À§taha danke k…ôxla À§ba-sobhana wa-kud À§asr gal arba danke keke ba≈°la. kudyom ma-t À§izafa ita zabnalu ga-≈°uqa ba $2 kud xala beta. k…ômma f…ôsse À§hasla À§b-dolore g-≈°uqa kudyom?,18,"Janet's ducks lay 16 eggs per day.  
She uses 3 + 4 = 7 eggs every day.  
So, she sells 16 - 7 = 9 eggs at the farmers' market.  
At $2 per egg, she earns 9 * 2 = $18 daily.  

Final answer: 18"
0,eng_math,claude-sonnet,Janet‚Äôs ducks lay 16 eggs per day. She eats three for breakfast every morning and bakes muffins for her friends every day with four. She sells the remainder at the farmers' market daily for $2 per fresh duck egg. How much in dollars does she make every day at the farmers' market?,18,Janet‚Äôs ducks lay 16 eggs per day. She eats three for breakfast every morning and bakes muffins for her friends every day with four. She sells the remainder at the farmers' market daily for $2 per fresh duck egg. How much in dollars does she make every day at the farmers' market?,kudyom ordak…ôt À§≈æanet 16 bee k…ôwyi. kud baqatyom À§taha danke k…ôxla À§ba-sobhana wa-kud À§asr gal arba danke keke ba≈°la. kudyom ma-t À§izafa ita zabnalu ga-≈°uqa ba $2 kud xala beta. k…ômma f…ôsse À§hasla À§b-dolore g-≈°uqa kudyom?,18,"16 - 3 - 4 = 9 eggs sold. 9 √ó $2 = $18.

Final answer: 18"
0,eng_math,gemini-flash,Janet‚Äôs ducks lay 16 eggs per day. She eats three for breakfast every morning and bakes muffins for her friends every day with four. She sells the remainder at the farmers' market daily for $2 per fresh duck egg. How much in dollars does she make every day at the farmers' market?,18,Janet‚Äôs ducks lay 16 eggs per day. She eats three for breakfast every morning and bakes muffins for her friends every day with four. She sells the remainder at the farmers' market daily for $2 per fresh duck egg. How much in dollars does she make every day at the farmers' market?,kudyom ordak…ôt À§≈æanet 16 bee k…ôwyi. kud baqatyom À§taha danke k…ôxla À§ba-sobhana wa-kud À§asr gal arba danke keke ba≈°la. kudyom ma-t À§izafa ita zabnalu ga-≈°uqa ba $2 kud xala beta. k…ômma f…ôsse À§hasla À§b-dolore g-≈°uqa kudyom?,18,"Total daily eggs laid = 16.
Eggs used by Janet = 3 (breakfast) + 4 (muffins) = 7 eggs.
Remaining eggs for sale = 16 - 7 = 9 eggs.
Total revenue = 9 eggs * $2/egg = $18.

Final answer: 18"
0,eng_math,llama-70b,Janet‚Äôs ducks lay 16 eggs per day. She eats three for breakfast every morning and bakes muffins for her friends every day with four. She sells the remainder at the farmers' market daily for $2 per fresh duck egg. How much in dollars does she make every day at the farmers' market?,18,Janet‚Äôs ducks lay 16 eggs per day. She eats three for breakfast every morning and bakes muffins for her friends every day with four. She sells the remainder at the farmers' market daily for $2 per fresh duck egg. How much in dollars does she make every day at the farmers' market?,kudyom ordak…ôt À§≈æanet 16 bee k…ôwyi. kud baqatyom À§taha danke k…ôxla À§ba-sobhana wa-kud À§asr gal arba danke keke ba≈°la. kudyom ma-t À§izafa ita zabnalu ga-≈°uqa ba $2 kud xala beta. k…ômma f…ôsse À§hasla À§b-dolore g-≈°uqa kudyom?,18,"Janet's ducks lay 16 eggs per day. She eats 3 and uses 4 for muffins, so 16 - 3 - 4 = 9 eggs remain. She sells these 9 eggs at $2 each. The total amount she makes is 9 * $2. 

Final answer: 18"
0,trg_math,gpt-4o,kudyom ordak…ôt À§≈æanet 16 bee k…ôwyi. kud baqatyom À§taha danke k…ôxla À§ba-sobhana wa-kud À§asr gal arba danke keke ba≈°la. kudyom ma-t À§izafa ita zabnalu ga-≈°uqa ba $2 kud xala beta. k…ômma f…ôsse À§hasla À§b-dolore g-≈°uqa kudyom?,18,Janet‚Äôs ducks lay 16 eggs per day. She eats three for breakfast every morning and bakes muffins for her friends every day with four. She sells the remainder at the farmers' market daily for $2 per fresh duck egg. How much in dollars does she make every day at the farmers' market?,kudyom ordak…ôt À§≈æanet 16 bee k…ôwyi. kud baqatyom À§taha danke k…ôxla À§ba-sobhana wa-kud À§asr gal arba danke keke ba≈°la. kudyom ma-t À§izafa ita zabnalu ga-≈°uqa ba $2 kud xala beta. k…ômma f…ôsse À§hasla À§b-dolore g-≈°uqa kudyom?,18,"The problem states daily expenses related to certain items purchased at the market. It is asking for the total cost in dollars for each day.

16 eggs are bought each at $2.
Let $2 per egg be the cost: 16 eggs x $2 = $32.
Additional purchases are made that involve 4 additional items at an unspecified cost. Given no other costs are specified, the total is only for eggs.

Final answer: 32"
0,trg_math,claude-sonnet,kudyom ordak…ôt À§≈æanet 16 bee k…ôwyi. kud baqatyom À§taha danke k…ôxla À§ba-sobhana wa-kud À§asr gal arba danke keke ba≈°la. kudyom ma-t À§izafa ita zabnalu ga-≈°uqa ba $2 kud xala beta. k…ômma f…ôsse À§hasla À§b-dolore g-≈°uqa kudyom?,18,Janet‚Äôs ducks lay 16 eggs per day. She eats three for breakfast every morning and bakes muffins for her friends every day with four. She sells the remainder at the farmers' market daily for $2 per fresh duck egg. How much in dollars does she make every day at the farmers' market?,kudyom ordak…ôt À§≈æanet 16 bee k…ôwyi. kud baqatyom À§taha danke k…ôxla À§ba-sobhana wa-kud À§asr gal arba danke keke ba≈°la. kudyom ma-t À§izafa ita zabnalu ga-≈°uqa ba $2 kud xala beta. k…ômma f…ôsse À§hasla À§b-dolore g-≈°uqa kudyom?,18,"I need to parse this problem carefully.

""kudyom ordak…ôt À§≈æanet 16 bee k…ôwyi"" - Every day the ducks lay 16 eggs.
""kud baqatyom À§taha danke k…ôxla À§ba-sobhana"" - Every morning they eat 3 eggs for breakfast.
""wa-kud À§asr gal arba danke keke ba≈°la"" - And every noon with 4 eggs they make a cake (baked goods).
""kudyom ma-t À§izafa ita zabnalu ga-≈°uqa ba $2 kud xala beta"" - Every day the remainder they sell in the market for $2 per egg.
""k…ômma f…ôsse À§hasla À§b-dolore g-≈°uqa kudyom?"" - How much money do they make at the market each day?

Eggs laid: 16
Eggs eaten for breakfast: 3
Eggs used for baking: 4
Eggs remaining: 16 - 3 - 4 = 9
Money earned: 9 √ó $2 = $18

Final answer: 18"
0,trg_math,gemini-flash,kudyom ordak…ôt À§≈æanet 16 bee k…ôwyi. kud baqatyom À§taha danke k…ôxla À§ba-sobhana wa-kud À§asr gal arba danke keke ba≈°la. kudyom ma-t À§izafa ita zabnalu ga-≈°uqa ba $2 kud xala beta. k…ômma f…ôsse À§hasla À§b-dolore g-≈°uqa kudyom?,18,Janet‚Äôs ducks lay 16 eggs per day. She eats three for breakfast every morning and bakes muffins for her friends every day with four. She sells the remainder at the farmers' market daily for $2 per fresh duck egg. How much in dollars does she make every day at the farmers' market?,kudyom ordak…ôt À§≈æanet 16 bee k…ôwyi. kud baqatyom À§taha danke k…ôxla À§ba-sobhana wa-kud À§asr gal arba danke keke ba≈°la. kudyom ma-t À§izafa ita zabnalu ga-≈°uqa ba $2 kud xala beta. k…ômma f…ôsse À§hasla À§b-dolore g-≈°uqa kudyom?,18,"1. Total eggs per day: 16.
2. Breakfast consumption: 3 eggs.
3. Baking (with cakes) in the evening: 4 eggs.
4. Surplus eggs for sale: $16 - 3 - 4 = 9$ eggs.
5. Daily income at $2 per egg: $9 \times 2 = 18$.

Final answer: 18"
0,trg_math,llama-70b,kudyom ordak…ôt À§≈æanet 16 bee k…ôwyi. kud baqatyom À§taha danke k…ôxla À§ba-sobhana wa-kud À§asr gal arba danke keke ba≈°la. kudyom ma-t À§izafa ita zabnalu ga-≈°uqa ba $2 kud xala beta. k…ômma f…ôsse À§hasla À§b-dolore g-≈°uqa kudyom?,18,Janet‚Äôs ducks lay 16 eggs per day. She eats three for breakfast every morning and bakes muffins for her friends every day with four. She sells the remainder at the farmers' market daily for $2 per fresh duck egg. How much in dollars does she make every day at the farmers' market?,kudyom ordak…ôt À§≈æanet 16 bee k…ôwyi. kud baqatyom À§taha danke k…ôxla À§ba-sobhana wa-kud À§asr gal arba danke keke ba≈°la. kudyom ma-t À§izafa ita zabnalu ga-≈°uqa ba $2 kud xala beta. k…ômma f…ôsse À§hasla À§b-dolore g-≈°uqa kudyom?,18,"Let's break down the problem: kudyom ordak…ôt À§≈æanet 16 bee k…ôwyi means they have 16 bees. 
The bees produce honey, and they sell it for $2 per jar. 
The problem asks how much they made in total from selling the honey. 
They have baqatyom À§taha danke, which refers to the amount of honey, but we don't have the exact amount of honey or jars sold. 
However, we can determine the total amount made from selling each jar of honey, which would be the number of jars times $2.

Final answer: 32"
1,eng_math,gpt-4o,A robe takes 2 bolts of blue fiber and half that much white fiber.  How many bolts in total does it take?,3,A robe takes 2 bolts of blue fiber and half that much white fiber.  How many bolts in total does it take?,À§derya À§laz…ôm …ôtta 2 À§topp…ôt À§abi À§parƒça inan p…ôlg…ôt d-o xwara À§parƒça. kulla gal À§d…ôƒüde k…ômma À§topp…ôt À§parƒça À§laz…ôm …ôtta? ,3,"A robe takes 2 bolts of blue fiber.  
Half that much white fiber is \(\frac{2}{2} = 1\) bolt of white fiber.  
Total bolts needed = 2 bolts of blue + 1 bolt of white.  

Final answer: 3"
1,eng_math,claude-sonnet,A robe takes 2 bolts of blue fiber and half that much white fiber.  How many bolts in total does it take?,3,A robe takes 2 bolts of blue fiber and half that much white fiber.  How many bolts in total does it take?,À§derya À§laz…ôm …ôtta 2 À§topp…ôt À§abi À§parƒça inan p…ôlg…ôt d-o xwara À§parƒça. kulla gal À§d…ôƒüde k…ômma À§topp…ôt À§parƒça À§laz…ôm …ôtta? ,3,"Blue = 2, White = 2/2 = 1, Total = 3.

Final answer: 3"
1,eng_math,gemini-flash,A robe takes 2 bolts of blue fiber and half that much white fiber.  How many bolts in total does it take?,3,A robe takes 2 bolts of blue fiber and half that much white fiber.  How many bolts in total does it take?,À§derya À§laz…ôm …ôtta 2 À§topp…ôt À§abi À§parƒça inan p…ôlg…ôt d-o xwara À§parƒça. kulla gal À§d…ôƒüde k…ômma À§topp…ôt À§parƒça À§laz…ôm …ôtta? ,3,"Blue fiber = 2 bolts.
White fiber = 1/2 * 2 = 1 bolt.
Total bolts = 2 + 1 = 3 bolts.

Final answer: 3"
1,eng_math,llama-70b,A robe takes 2 bolts of blue fiber and half that much white fiber.  How many bolts in total does it take?,3,A robe takes 2 bolts of blue fiber and half that much white fiber.  How many bolts in total does it take?,À§derya À§laz…ôm …ôtta 2 À§topp…ôt À§abi À§parƒça inan p…ôlg…ôt d-o xwara À§parƒça. kulla gal À§d…ôƒüde k…ômma À§topp…ôt À§parƒça À§laz…ôm …ôtta? ,3,"To find the total bolts needed, first calculate the white fiber needed, which is half of the blue fiber. Since the robe takes 2 bolts of blue fiber, it takes 2 / 2 = 1 bolt of white fiber. Now, add the bolts of blue and white fiber together: 2 (blue) + 1 (white) = 3. This gives the total number of bolts needed. 
Final answer: 3"
1,trg_math,gpt-4o,À§derya À§laz…ôm …ôtta 2 À§topp…ôt À§abi À§parƒça inan p…ôlg…ôt d-o xwara À§parƒça. kulla gal À§d…ôƒüde k…ômma À§topp…ôt À§parƒça À§laz…ôm …ôtta? ,3,A robe takes 2 bolts of blue fiber and half that much white fiber.  How many bolts in total does it take?,À§derya À§laz…ôm …ôtta 2 À§topp…ôt À§abi À§parƒça inan p…ôlg…ôt d-o xwara À§parƒça. kulla gal À§d…ôƒüde k…ômma À§topp…ôt À§parƒça À§laz…ôm …ôtta? ,3,"The problem states that you need 2 layers of an item and a piece is half of the item. You are asked for the total number of pieces needed for all layers. Each layer requires 2 pieces: 2 layers x 2 pieces per layer = 4 pieces.

Final answer: 4"
1,trg_math,claude-sonnet,À§derya À§laz…ôm …ôtta 2 À§topp…ôt À§abi À§parƒça inan p…ôlg…ôt d-o xwara À§parƒça. kulla gal À§d…ôƒüde k…ômma À§topp…ôt À§parƒça À§laz…ôm …ôtta? ,3,A robe takes 2 bolts of blue fiber and half that much white fiber.  How many bolts in total does it take?,À§derya À§laz…ôm …ôtta 2 À§topp…ôt À§abi À§parƒça inan p…ôlg…ôt d-o xwara À§parƒça. kulla gal À§d…ôƒüde k…ômma À§topp…ôt À§parƒça À§laz…ôm …ôtta? ,3,"""À§derya needs 2 balls of white fabric and half of that white fabric"" means Derya needs 2 + (2/2) = 2 + 1 = 3 balls.

""kulla gal À§d…ôƒüde"" means ""all together with each other"" ‚Äî so total = 3 balls.

Final answer: 3"
1,trg_math,gemini-flash,À§derya À§laz…ôm …ôtta 2 À§topp…ôt À§abi À§parƒça inan p…ôlg…ôt d-o xwara À§parƒça. kulla gal À§d…ôƒüde k…ômma À§topp…ôt À§parƒça À§laz…ôm …ôtta? ,3,A robe takes 2 bolts of blue fiber and half that much white fiber.  How many bolts in total does it take?,À§derya À§laz…ôm …ôtta 2 À§topp…ôt À§abi À§parƒça inan p…ôlg…ôt d-o xwara À§parƒça. kulla gal À§d…ôƒüde k…ômma À§topp…ôt À§parƒça À§laz…ôm …ôtta? ,3,"1. The problem asks for the total number of balls of fabric Aderya needs.
2. She needs 2 balls of large fabric (""2 À§topp…ôt À§abi À§parƒça"").
3. She also needs half of that amount in white fabric (""p…ôlg…ôt d-o xwara À§parƒça"").
4. Half of 2 is 1 (2 √∑ 2 = 1).
5. Total balls = 2 + 1 = 3.

Final answer: 3"
1,trg_math,llama-70b,À§derya À§laz…ôm …ôtta 2 À§topp…ôt À§abi À§parƒça inan p…ôlg…ôt d-o xwara À§parƒça. kulla gal À§d…ôƒüde k…ômma À§topp…ôt À§parƒça À§laz…ôm …ôtta? ,3,A robe takes 2 bolts of blue fiber and half that much white fiber.  How many bolts in total does it take?,À§derya À§laz…ôm …ôtta 2 À§topp…ôt À§abi À§parƒça inan p…ôlg…ôt d-o xwara À§parƒça. kulla gal À§d…ôƒüde k…ômma À§topp…ôt À§parƒça À§laz…ôm …ôtta? ,3,"The problem states that À§derya needs 2 À§topp…ôt À§parƒça to make half of something. Let's denote the total amount as x. If 2 À§topp…ôt À§parƒça is half, then 4 À§topp…ôt À§parƒça would be the whole. The problem also asks for the total number of À§topp…ôt À§parƒça needed for the whole. 
4 = 2 * 2
2 * 2 = 4 
Final answer: 4"
2,eng_math,gpt-4o,"Josh decides to try flipping a house.  He buys a house for $80,000 and then puts in $50,000 in repairs.  This increased the value of the house by 150%.  How much profit did he make?",70000,"Josh decides to try flipping a house.  He buys a house for $80,000 and then puts in $50,000 in repairs.  This increased the value of the house by 150%.  How much profit did he make?","À§ja≈° tasmim dwaqe bela duz odle. $80,000 ba-bela hw…ôlle $50,000 drele À§ba-tarose. q…ômt…ôt bela 150% l…ôlya z…ôdla. k…ômma f…ôsse À§hs…ôlle?",70000,"Cost of the house plus repairs: $80,000 + $50,000 = $130,000.

The increased value of the house: $130,000 √ó 150% = $130,000 √ó 1.5 = $195,000.

Profit: $195,000 (new value) - $130,000 (total investment) = $65,000.

Final answer: 65000"
2,eng_math,claude-sonnet,"Josh decides to try flipping a house.  He buys a house for $80,000 and then puts in $50,000 in repairs.  This increased the value of the house by 150%.  How much profit did he make?",70000,"Josh decides to try flipping a house.  He buys a house for $80,000 and then puts in $50,000 in repairs.  This increased the value of the house by 150%.  How much profit did he make?","À§ja≈° tasmim dwaqe bela duz odle. $80,000 ba-bela hw…ôlle $50,000 drele À§ba-tarose. q…ômt…ôt bela 150% l…ôlya z…ôdla. k…ômma f…ôsse À§hs…ôlle?",70000,"House value after repairs: $80,000 √ó (1 + 1.5) = $80,000 √ó 2.5 = $200,000.
Total cost: $80,000 + $50,000 = $130,000.
Profit: $200,000 - $130,000 = $70,000.

Final answer: 70000"
2,eng_math,gemini-flash,"Josh decides to try flipping a house.  He buys a house for $80,000 and then puts in $50,000 in repairs.  This increased the value of the house by 150%.  How much profit did he make?",70000,"Josh decides to try flipping a house.  He buys a house for $80,000 and then puts in $50,000 in repairs.  This increased the value of the house by 150%.  How much profit did he make?","À§ja≈° tasmim dwaqe bela duz odle. $80,000 ba-bela hw…ôlle $50,000 drele À§ba-tarose. q…ômt…ôt bela 150% l…ôlya z…ôdla. k…ômma f…ôsse À§hs…ôlle?",70000,"Josh's total investment is the purchase price plus repair costs: $80,000 + $50,000 = $130,000.
The repairs increased the house's original value ($80,000) by 150%, which is an increase of $80,000 * 1.5 = $120,000.
The new value of the house is $80,000 + $120,000 = $200,000.
Profit is calculated as the final value minus the total investment: $200,000 - $130,000 = $70,000.

Final answer: 70000"
2,eng_math,llama-70b,"Josh decides to try flipping a house.  He buys a house for $80,000 and then puts in $50,000 in repairs.  This increased the value of the house by 150%.  How much profit did he make?",70000,"Josh decides to try flipping a house.  He buys a house for $80,000 and then puts in $50,000 in repairs.  This increased the value of the house by 150%.  How much profit did he make?","À§ja≈° tasmim dwaqe bela duz odle. $80,000 ba-bela hw…ôlle $50,000 drele À§ba-tarose. q…ômt…ôt bela 150% l…ôlya z…ôdla. k…ômma f…ôsse À§hs…ôlle?",70000,"To find the new value of the house, first calculate the total amount Josh spent: $80,000 + $50,000 = $130,000. 
The $50,000 in repairs increased the house's value by 150%, which means the new value is 2.5 times the original value: 2.5 * $80,000 = $200,000. 
The profit made is the new value minus the total amount spent: $200,000 - $130,000 = $70,000.
This calculation directly gives the profit.
Final answer: 70000"
2,trg_math,gpt-4o,"À§ja≈° tasmim dwaqe bela duz odle. $80,000 ba-bela hw…ôlle $50,000 drele À§ba-tarose. q…ômt…ôt bela 150% l…ôlya z…ôdla. k…ômma f…ôsse À§hs…ôlle?",70000,"Josh decides to try flipping a house.  He buys a house for $80,000 and then puts in $50,000 in repairs.  This increased the value of the house by 150%.  How much profit did he make?","À§ja≈° tasmim dwaqe bela duz odle. $80,000 ba-bela hw…ôlle $50,000 drele À§ba-tarose. q…ômt…ôt bela 150% l…ôlya z…ôdla. k…ômma f…ôsse À§hs…ôlle?",70000,"The problem states, in translation, that the cost of constructing a house was initially $80,000 and increased to $50,000 more than the original cost, resulting in a 150% increase. We need to find the total cost after the increase.

The original cost is $80,000. An increase of 150% means it becomes 250% of the original after construction (100% + 150%).

So, the total cost after a 150% increase is:

\[ \text{Total cost} = (\text{Original cost}) \times \left(\frac{250}{100}\right) \]

\[ \text{Total cost} = 80,000 \times 2.5 = 200,000 \]

Final answer: 200000"
2,trg_math,claude-sonnet,"À§ja≈° tasmim dwaqe bela duz odle. $80,000 ba-bela hw…ôlle $50,000 drele À§ba-tarose. q…ômt…ôt bela 150% l…ôlya z…ôdla. k…ômma f…ôsse À§hs…ôlle?",70000,"Josh decides to try flipping a house.  He buys a house for $80,000 and then puts in $50,000 in repairs.  This increased the value of the house by 150%.  How much profit did he make?","À§ja≈° tasmim dwaqe bela duz odle. $80,000 ba-bela hw…ôlle $50,000 drele À§ba-tarose. q…ômt…ôt bela 150% l…ôlya z…ôdla. k…ômma f…ôsse À§hs…ôlle?",70000,"Let me parse this problem:

- He bought a house without fraud for $80,000
- He spent $50,000 on repairs
- The value of the house increased 150% above (the total cost)
- How much profit did he make?

Total cost = $80,000 + $50,000 = $130,000

Value increased 150% above total cost means the selling price = $130,000 + 150% √ó $130,000 = $130,000 √ó 2.5 = $325,000

Profit = $325,000 - $130,000 = $195,000

Final answer: 195000"
2,trg_math,gemini-flash,"À§ja≈° tasmim dwaqe bela duz odle. $80,000 ba-bela hw…ôlle $50,000 drele À§ba-tarose. q…ômt…ôt bela 150% l…ôlya z…ôdla. k…ômma f…ôsse À§hs…ôlle?",70000,"Josh decides to try flipping a house.  He buys a house for $80,000 and then puts in $50,000 in repairs.  This increased the value of the house by 150%.  How much profit did he make?","À§ja≈° tasmim dwaqe bela duz odle. $80,000 ba-bela hw…ôlle $50,000 drele À§ba-tarose. q…ômt…ôt bela 150% l…ôlya z…ôdla. k…ômma f…ôsse À§hs…ôlle?",70000,"The total initial investment is the purchase price plus the renovation cost: $80,000 + $50,000 = $130,000.
The value of the house increased by 150%, meaning the final value is 250% of the initial investment (1 + 1.50).
Final value = $130,000 √ó 2.5 = $325,000.
The profit (f…ôsse À§hs…ôlle) is the final value minus the total investment: $325,000 - $130,000 = $195,000.
Alternatively, the profit is 150% of the $130,000 investment: 1.5 √ó $130,000 = $195,000.

Final answer: 195000"
2,trg_math,llama-70b,"À§ja≈° tasmim dwaqe bela duz odle. $80,000 ba-bela hw…ôlle $50,000 drele À§ba-tarose. q…ômt…ôt bela 150% l…ôlya z…ôdla. k…ômma f…ôsse À§hs…ôlle?",70000,"Josh decides to try flipping a house.  He buys a house for $80,000 and then puts in $50,000 in repairs.  This increased the value of the house by 150%.  How much profit did he make?","À§ja≈° tasmim dwaqe bela duz odle. $80,000 ba-bela hw…ôlle $50,000 drele À§ba-tarose. q…ômt…ôt bela 150% l…ôlya z…ôdla. k…ômma f…ôsse À§hs…ôlle?",70000,"The initial value is $80,000. After a loss of $50,000, the value becomes $80,000 - $50,000 = $30,000. Then, it increases by 150% of its current value. The increase is $30,000 * 150% = $30,000 * 1.5 = $45,000. The final value is $30,000 + $45,000 = $75,000.
Final answer: 75000"
3,eng_math,gpt-4o,James decides to run 3 sprints 3 times a week.  He runs 60 meters each sprint.  How many total meters does he run a week?,540,James decides to run 3 sprints 3 times a week.  He runs 60 meters each sprint.  How many total meters does he run a week?,À§yaaqow tasmim dwaqe 3 dowre À§rax…ôt 3 zae g-u≈°wa. 60 metre À§rax…ôt kud dowra. k…ômma metre À§raxote g-xa u≈°wa?,540,"Each sprint is 60 meters.  
James runs 3 sprints per session, so he runs \(3 \times 60 = 180\) meters per session.  
James runs 3 times a week, so he runs \(3 \times 180 = 540\) meters per week.  
Final answer: 540"
3,eng_math,claude-sonnet,James decides to run 3 sprints 3 times a week.  He runs 60 meters each sprint.  How many total meters does he run a week?,540,James decides to run 3 sprints 3 times a week.  He runs 60 meters each sprint.  How many total meters does he run a week?,À§yaaqow tasmim dwaqe 3 dowre À§rax…ôt 3 zae g-u≈°wa. 60 metre À§rax…ôt kud dowra. k…ômma metre À§raxote g-xa u≈°wa?,540,"3 sprints √ó 3 times/week = 9 sprints/week. 9 √ó 60 = 540 meters.

Final answer: 540"
3,eng_math,gemini-flash,James decides to run 3 sprints 3 times a week.  He runs 60 meters each sprint.  How many total meters does he run a week?,540,James decides to run 3 sprints 3 times a week.  He runs 60 meters each sprint.  How many total meters does he run a week?,À§yaaqow tasmim dwaqe 3 dowre À§rax…ôt 3 zae g-u≈°wa. 60 metre À§rax…ôt kud dowra. k…ômma metre À§raxote g-xa u≈°wa?,540,"1. James runs 3 sprints per session.
2. He completes 3 sessions per week, so he runs $3 \times 3 = 9$ sprints total per week.
3. Each sprint is 60 meters long.
4. The total weekly distance is $9 \times 60 = 540$ meters.

Final answer: 540"
3,eng_math,llama-70b,James decides to run 3 sprints 3 times a week.  He runs 60 meters each sprint.  How many total meters does he run a week?,540,James decides to run 3 sprints 3 times a week.  He runs 60 meters each sprint.  How many total meters does he run a week?,À§yaaqow tasmim dwaqe 3 dowre À§rax…ôt 3 zae g-u≈°wa. 60 metre À§rax…ôt kud dowra. k…ômma metre À§raxote g-xa u≈°wa?,540,"James runs 3 sprints 3 times a week, so he runs 3 * 3 = 9 sprints a week. 
Each sprint is 60 meters, so he runs 9 * 60 meters a week. 
9 * 60 = 540 meters. 
He runs a total of 540 meters a week. 
Final answer: 540"
3,trg_math,gpt-4o,À§yaaqow tasmim dwaqe 3 dowre À§rax…ôt 3 zae g-u≈°wa. 60 metre À§rax…ôt kud dowra. k…ômma metre À§raxote g-xa u≈°wa?,540,James decides to run 3 sprints 3 times a week.  He runs 60 meters each sprint.  How many total meters does he run a week?,À§yaaqow tasmim dwaqe 3 dowre À§rax…ôt 3 zae g-u≈°wa. 60 metre À§rax…ôt kud dowra. k…ômma metre À§raxote g-xa u≈°wa?,540,"Each dowre is 60 meters long.

À§yaaqow created 3 dowre, each with À§rax…ôt 3.

The total À§raxote in one u≈°wa is 3 dowre * 3 À§rax…ôt/dowre = 9 À§rax…ôt.

Total À§raxote in one u≈°wa is 9 À§rax…ôt * 60 meters/À§rax…ôt.

Final answer: 540"
3,trg_math,claude-sonnet,À§yaaqow tasmim dwaqe 3 dowre À§rax…ôt 3 zae g-u≈°wa. 60 metre À§rax…ôt kud dowra. k…ômma metre À§raxote g-xa u≈°wa?,540,James decides to run 3 sprints 3 times a week.  He runs 60 meters each sprint.  How many total meters does he run a week?,À§yaaqow tasmim dwaqe 3 dowre À§rax…ôt 3 zae g-u≈°wa. 60 metre À§rax…ôt kud dowra. k…ômma metre À§raxote g-xa u≈°wa?,540,"3 rounds √ó 3 times per week = 9 rounds per week.
9 √ó 60 metres = 540 metres.

Final answer: 540"
3,trg_math,gemini-flash,À§yaaqow tasmim dwaqe 3 dowre À§rax…ôt 3 zae g-u≈°wa. 60 metre À§rax…ôt kud dowra. k…ômma metre À§raxote g-xa u≈°wa?,540,James decides to run 3 sprints 3 times a week.  He runs 60 meters each sprint.  How many total meters does he run a week?,À§yaaqow tasmim dwaqe 3 dowre À§rax…ôt 3 zae g-u≈°wa. 60 metre À§rax…ôt kud dowra. k…ômma metre À§raxote g-xa u≈°wa?,540,"1. Jacob decides to run 3 rounds, 3 times a week.
2. Each round is 60 meters long.
3. Distance per training session = 3 rounds √ó 60 meters/round = 180 meters.
4. Total distance per week = 3 sessions √ó 180 meters/session = 540 meters.

Final answer: 540"
3,trg_math,llama-70b,À§yaaqow tasmim dwaqe 3 dowre À§rax…ôt 3 zae g-u≈°wa. 60 metre À§rax…ôt kud dowra. k…ômma metre À§raxote g-xa u≈°wa?,540,James decides to run 3 sprints 3 times a week.  He runs 60 meters each sprint.  How many total meters does he run a week?,À§yaaqow tasmim dwaqe 3 dowre À§rax…ôt 3 zae g-u≈°wa. 60 metre À§rax…ôt kud dowra. k…ômma metre À§raxote g-xa u≈°wa?,540,"To find the total distance, we need to calculate the distance of one round and multiply it by the number of rounds. 
The distance of one round is 60 * 3 = 180 meters. 
Since À§yaaqow ran 3 rounds, the total distance is 180 * 3 = 540 meters. 
The problem asks for the distance À§yaaqow ran in the last round, which is 60 * 3 = 180 meters. 
Final answer: 180"
4,eng_math,gpt-4o,"Kylar went to the store to buy glasses for his new apartment. One glass costs $5, but every second glass costs only 60% of the price. Kylar wants to buy 16 glasses. How much does he need to pay for them?",64,"Kylar went to the store to buy glasses for his new apartment. One glass costs $5, but every second glass costs only 60% of the price. Kylar wants to buy 16 glasses. How much does he need to pay for them?","À§keyvan z…ôlle tukana À§…ôstkane ≈°aq…ôl À§ba-apartmanew. xa À§…ôstkan $5 ila, bale kud trem…ônji À§…ôstkan 60% q…ômt…ôt awwalki À§…ôstkan ila. À§keyvan abule 16 À§…ôstkane ≈°aq…ôl. k…ômma f…ôsse garag xar…ôj?",64,"Cost of one glass: $5.  
Cost of every second glass: 60% of $5 = $3.  

Kylar will pay for 8 full price glasses: \(8 \times 5 = 40\) dollars.  
Kylar will pay for 8 discounted glasses: \(8 \times 3 = 24\) dollars.  

Total cost: \(40 + 24 = 64\) dollars.

Final answer: 64"
4,eng_math,claude-sonnet,"Kylar went to the store to buy glasses for his new apartment. One glass costs $5, but every second glass costs only 60% of the price. Kylar wants to buy 16 glasses. How much does he need to pay for them?",64,"Kylar went to the store to buy glasses for his new apartment. One glass costs $5, but every second glass costs only 60% of the price. Kylar wants to buy 16 glasses. How much does he need to pay for them?","À§keyvan z…ôlle tukana À§…ôstkane ≈°aq…ôl À§ba-apartmanew. xa À§…ôstkan $5 ila, bale kud trem…ônji À§…ôstkan 60% q…ômt…ôt awwalki À§…ôstkan ila. À§keyvan abule 16 À§…ôstkane ≈°aq…ôl. k…ômma f…ôsse garag xar…ôj?",64,"8 glasses at full price, 8 glasses at 60% price.

8 √ó $5 + 8 √ó $3 = $40 + $24 = $64

Final answer: 64"
4,eng_math,gemini-flash,"Kylar went to the store to buy glasses for his new apartment. One glass costs $5, but every second glass costs only 60% of the price. Kylar wants to buy 16 glasses. How much does he need to pay for them?",64,"Kylar went to the store to buy glasses for his new apartment. One glass costs $5, but every second glass costs only 60% of the price. Kylar wants to buy 16 glasses. How much does he need to pay for them?","À§keyvan z…ôlle tukana À§…ôstkane ≈°aq…ôl À§ba-apartmanew. xa À§…ôstkan $5 ila, bale kud trem…ônji À§…ôstkan 60% q…ômt…ôt awwalki À§…ôstkan ila. À§keyvan abule 16 À§…ôstkane ≈°aq…ôl. k…ômma f…ôsse garag xar…ôj?",64,"1. The price of a full-priced glass is $5.
2. The discounted price for every second glass is 60% of $5, which is $5 √ó 0.60 = $3.
3. In a set of 16 glasses, there are 8 full-priced glasses and 8 discounted glasses.
4. The cost of the 8 full-priced glasses is 8 √ó $5 = $40.
5. The cost of the 8 discounted glasses is 8 √ó $3 = $24.
6. Total cost = $40 + $24 = $64.

Final answer: 64"
4,eng_math,llama-70b,"Kylar went to the store to buy glasses for his new apartment. One glass costs $5, but every second glass costs only 60% of the price. Kylar wants to buy 16 glasses. How much does he need to pay for them?",64,"Kylar went to the store to buy glasses for his new apartment. One glass costs $5, but every second glass costs only 60% of the price. Kylar wants to buy 16 glasses. How much does he need to pay for them?","À§keyvan z…ôlle tukana À§…ôstkane ≈°aq…ôl À§ba-apartmanew. xa À§…ôstkan $5 ila, bale kud trem…ônji À§…ôstkan 60% q…ômt…ôt awwalki À§…ôstkan ila. À§keyvan abule 16 À§…ôstkane ≈°aq…ôl. k…ômma f…ôsse garag xar…ôj?",64,"Let's calculate the cost of the glasses. The first glass costs $5, and every second glass costs 60% of $5, which is $3. Since Kylar wants 16 glasses, he will buy 8 pairs. The cost of each pair is $5 + $3 = $8. The total cost is 8 * $8 = $64.

Final answer: 64"
4,trg_math,gpt-4o,"À§keyvan z…ôlle tukana À§…ôstkane ≈°aq…ôl À§ba-apartmanew. xa À§…ôstkan $5 ila, bale kud trem…ônji À§…ôstkan 60% q…ômt…ôt awwalki À§…ôstkan ila. À§keyvan abule 16 À§…ôstkane ≈°aq…ôl. k…ômma f…ôsse garag xar…ôj?",64,"Kylar went to the store to buy glasses for his new apartment. One glass costs $5, but every second glass costs only 60% of the price. Kylar wants to buy 16 glasses. How much does he need to pay for them?","À§keyvan z…ôlle tukana À§…ôstkane ≈°aq…ôl À§ba-apartmanew. xa À§…ôstkan $5 ila, bale kud trem…ônji À§…ôstkan 60% q…ômt…ôt awwalki À§…ôstkan ila. À§keyvan abule 16 À§…ôstkane ≈°aq…ôl. k…ômma f…ôsse garag xar…ôj?",64,"À§Keyvan bought 16 apartments for rent. Each apartment costs $5. The remaining 60% of his apartments cost less than the first apartment. Calculate how many dollars he saved by buying the cheaper apartments.

60% of 16 apartments = 0.60 √ó 16 = 9.6 apartments, approximately 10 apartments.

À§Keyvan saved $5 - qaÀ§mt awwalki qino·π£a waÀ§·π£ aÀ§skand, $5 - $3 = $2.
(16 apartments - 6) (16 apartments - 6) * $2 multiplied.

Final answer: 20
"
4,trg_math,claude-sonnet,"À§keyvan z…ôlle tukana À§…ôstkane ≈°aq…ôl À§ba-apartmanew. xa À§…ôstkan $5 ila, bale kud trem…ônji À§…ôstkan 60% q…ômt…ôt awwalki À§…ôstkan ila. À§keyvan abule 16 À§…ôstkane ≈°aq…ôl. k…ômma f…ôsse garag xar…ôj?",64,"Kylar went to the store to buy glasses for his new apartment. One glass costs $5, but every second glass costs only 60% of the price. Kylar wants to buy 16 glasses. How much does he need to pay for them?","À§keyvan z…ôlle tukana À§…ôstkane ≈°aq…ôl À§ba-apartmanew. xa À§…ôstkan $5 ila, bale kud trem…ônji À§…ôstkan 60% q…ômt…ôt awwalki À§…ôstkan ila. À§keyvan abule 16 À§…ôstkane ≈°aq…ôl. k…ômma f…ôsse garag xar…ôj?",64,"Let me parse this problem:

- Keyvan went to the store to buy cups for his apartment
- One cup is $5, but every third cup is 60% of the price of the first cup
- Keyvan wants to buy 16 cups
- How much money did he spend in total?

Every third cup costs 60% of $5 = $3.

In 16 cups: cups at position 3, 6, 9, 12, 15 = 5 cups at $3, remaining 11 cups at $5.

Total = 11 √ó $5 + 5 √ó $3 = $55 + $15 = $70

Final answer: 70"
4,trg_math,gemini-flash,"À§keyvan z…ôlle tukana À§…ôstkane ≈°aq…ôl À§ba-apartmanew. xa À§…ôstkan $5 ila, bale kud trem…ônji À§…ôstkan 60% q…ômt…ôt awwalki À§…ôstkan ila. À§keyvan abule 16 À§…ôstkane ≈°aq…ôl. k…ômma f…ôsse garag xar…ôj?",64,"Kylar went to the store to buy glasses for his new apartment. One glass costs $5, but every second glass costs only 60% of the price. Kylar wants to buy 16 glasses. How much does he need to pay for them?","À§keyvan z…ôlle tukana À§…ôstkane ≈°aq…ôl À§ba-apartmanew. xa À§…ôstkan $5 ila, bale kud trem…ônji À§…ôstkan 60% q…ômt…ôt awwalki À§…ôstkan ila. À§keyvan abule 16 À§…ôstkane ≈°aq…ôl. k…ômma f…ôsse garag xar…ôj?",64,"1. The cost of one standard glass is $5.
2. Every second glass (every even-numbered glass) is 60% of the price of the first: $5 √ó 0.60 = $3.
3. For a total of 16 glasses, there are 8 glasses at the full price ($5) and 8 glasses at the discounted price ($3).
4. Full price cost: 8 √ó $5 = $40.
5. Discounted price cost: 8 √ó $3 = $24.
6. Total cost: $40 + $24 = $64.

Final answer: 64"
4,trg_math,llama-70b,"À§keyvan z…ôlle tukana À§…ôstkane ≈°aq…ôl À§ba-apartmanew. xa À§…ôstkan $5 ila, bale kud trem…ônji À§…ôstkan 60% q…ômt…ôt awwalki À§…ôstkan ila. À§keyvan abule 16 À§…ôstkane ≈°aq…ôl. k…ômma f…ôsse garag xar…ôj?",64,"Kylar went to the store to buy glasses for his new apartment. One glass costs $5, but every second glass costs only 60% of the price. Kylar wants to buy 16 glasses. How much does he need to pay for them?","À§keyvan z…ôlle tukana À§…ôstkane ≈°aq…ôl À§ba-apartmanew. xa À§…ôstkan $5 ila, bale kud trem…ônji À§…ôstkan 60% q…ômt…ôt awwalki À§…ôstkan ila. À§keyvan abule 16 À§…ôstkane ≈°aq…ôl. k…ômma f…ôsse garag xar…ôj?",64,"First, find the original price of one apartment: $5. 
Then, calculate the discount: 60% of $5 is 0.6 * $5 = $3. 
So, the discounted price is $5 - $3 = $2. 
À§keyvan bought 16 apartments, so total cost is 16 * $2 = $32. 
Final answer: 32"
