trg,eng,tale,chapter
xabra m-mani hawex? xabra hawex m-xa ň§dae ň§qari.,From whom do we have a word? We have a word from an old woman.,kachalona,1
belaw ň§qrańü ň§ahra wele,Her house was in the outskirts of the country,kachalona,1
"xa brona …ôtwala, ň§r…ôwwa brona","She had one son, a grown boy",kachalona,1
ya brona heńć la-godwa: xa Ň°rae nixe brona wele,"This boy did nothing: he was a ""lamps extinguished"" boy",kachalona,1
kulla yoma yat…ôwwa reŇ° tanura. kańćal reŇ°ew m-qardew gal miye hammeŇ°a k…ôsya wele ki kańćalew kasela,"Every day, he would sit upon the tanura (oven). His bald head was always covered from the cold with ""miye"" so that he covers his baldness",kachalona,1
m…ôn-d-o yoma Ň°…ômmew xd…ôre kańćalona.,"From (since) that day, his name became ""kańćalona"" (baldie)",kachalona,1
"k…ômm…ôt ň§dae ň§qari maqyawa gallew, taqya …ôllew, lawya …ôllew: ""ň§qurbanox xadran, si xa Ň°ula wud, kulla yoma ytiwet reŇ° tanura, heńć m…ôndińü la-wadet""","How much the old woman would speak with him! She pleads with him and begs him: ""may I be your sacrifice, go do one job, All day you have sat upon the oven, you are doing nothing""",kachalona,1
"kańćalona m…ôre ň§ba-daew: ""ana m…ôn-d-ay tanura b-la-koŇ°en, qardi ila, pruq m…ônni. abulat ň§noxoŇ° xadren""","kańćalona said to his mother: ""I will not come down from this tanura. I am cold, leave me be (finish from me). You want me to become sick.""",kachalona,1
"agar tara palxawale, ň§nare dah…ôlwa, km…ôrwa: ""ň§dae ň§qari, tara m…ôqwile, la-god poxa taqra …ôlli, ň§noxoŇ° xadren. tara tez m…ôqwile""","If she would open the door, he would make a clamour. He would say: ""Old woman, close the door so it won't make wind touch me and make me sick. Close the door quickly""",kachalona,1
"ň§daew k…ômrawa: ""ň§qurbanox xadran, reŇ° tanura ytiwet, m-Ň°…ôxna qelet, la qablet tara palx…ôxxe, ň§axr ana m…ôlli, ma bodan gallox? ň§plut si tara gal jwanqe, xdur lagab logab. balki xa Ň°ula ň§maŇ°txet, balki goret.""","His mother would reply: ""May I beome your sacrifice, you have sat upon the tanura, you shall burn from the heat! You don't allow us to open the door. At last I'm dead, what will I do with you? Come out, go outside with the young men, wander hither and thither. Perhaps you could find a job, perhaps you could get married.""",kachalona,1
"kud yom b-yoma haman masala wela. ň§dae ň§qari maqyawa, kańćalona reŇ° tanura yat…ôwwa","Every day by day it was the same story. The old woman would speak, kańćalona would sit upon the tanura",kachalona,1
xabra m-mani hawex? xabra hawex ň§m-Ň°ultan…ôt ň§ahra,From whom do we have a word? We have a word from the king of the country,kachalona,2
ň§Ň°ultana p…ôlle ň§noxoŇ°.,The king fell ill,kachalona,2
"ň§r…ôqqa m-amrane, ň§w-r…ôqqa m-Ň°amyane, enew ň§kor xd…ôru","Far be it from the teller, and far be it from the listener, his eyes became blind",kachalona,2
wazirew p…ôllu balbole ba-darmane ba ň§Ň°ultana.,His wazirs (advisors) fell searching for medicine for the king,kachalona,2
"lek…ôt hakima itwa, mdelule geb ň§Ň°ultana. ","Wherever there was a doctor, they brought him to the king's house.",kachalona,2
"xabra hw…ôllu g-kullu ň§ahra mani-t ň§mse darmana mde ň§ba-Ň°ultana ki enew palxi, mar mde.","The gave out a statement in the whole city: ""whoever can bring medicine to the king that [can make] his eyes open, let them bring""",kachalona,2
"k…ômm…ôt darmane ň§jr…ôblu, enew la pl…ôxlu. ","However many medicines they tried, his eyes didn't open.",kachalona,2
"ň§Ň°ultana m…ôre ba-wazirew: ""bai tez ň§ńćara ň§m…ôŇ°tuxun""","The king said to his wazirs: ""Find a remedy quickly for me""",kachalona,2
"…ôdyelu naŇ°e geb ň§Ň°ultana m…ôru baew: ""ň§ańüaan ň§Ň°ultana, mani ň§mse baox ň§ńćara od? xa danka d…ôqna-xwara ita ytiwele g-xa ň§mańüara ň§r…ôqqa ň§m-ahra. o balki ň§ńćarox godla""","People came to the house of the king. They said to him: ""Our lord, the king, who can make a remedy for you? There is a certain d…ôqna-xwara (old man) who is sat in a cave far from the city. Perhaps he can make your remedy""",kachalona,2
"ň§Ň°ultana xabra hw…ôlle ba-wazirew: ""tez simun …ôl-d-o d…ôqna-xwara, mdimune laxxa""","The king gave a statement to his wazirs: ""You all go quickly to this d…ôqna-xwara! Bring him here""",kachalona,2
"wazire tez ň§pl…ôtlu, xabr…ôt ň§Ň°ultana odile.",The wazirs went out quickly to fulfill the king's statement.,kachalona,2
"…ôl d…ôqna-xwara ň§m-mańüara ň§pl…ôtlule, mdelule ň§qanŇ°ar ň§Ň°ultana¬†","They brought out the d…ôqna-xwara from the cavern, they brought him before the king.¬†",kachalona,2
"d…ôqna-xwara, d…ôqnew xwarta yar…ôxta. ň§salmew mare ň§hesta wele.","The d…ôqna-xwara, his beard was white and long. His face is saying it was honored (his face shows honor).",kachalona,2
reŇ°ew mk…ôplele ň§qam ň§Ň°ultana,he bowed his head in front of the king,kachalona,2
"x…ôre …ôllew s…ônńći m…ôndele …ôllew, m…ôre baew: ""ň§ańüai ň§Ň°ultana, Ň°ulox ň§raba yaqura ile, ň§ńćarox ň§raba yaqurtela""","he saw him, he cast his attention to him (thoroughly examined), he said to him: ""my lord the king, your business is very heavy (situation is grave), your remedy is very heavy (will take a lot of work)""",kachalona,2
"ň§Ň°ultana m…ôre baew: ""hala eni la-x…ôzyettu, ma-to ayolet ma-tfiq …ôl-eni?""","The king said to him: ""you haven't seen my eyes yet, how are you knowing what has happened to my eyes?""",kachalona,2
"m…ôre baew: ""ň§Ň°ultana, ň§qurbanox xadren, …ôllox s…ônńći m…ôndeli, dardox y…ôllile, ň§ńćarox…ôŇ° ky…ônna""","He said to him: ""ň§Ň°ultana, may I become your sacrifice, I cast my attention to you (examined you thoroughly), I know your illness, (and) I know your remedy as well""",kachalona,2
"ň§Ň°ultana, wazirew, wakilew, kullu mahtal p…ôŇ°lu","the king, his wazirs, his ministers -- everyone -- fell astonished",kachalona,2
"d…ôqna-xwara m…ôre ň§ba-Ň°ultana: ""ň§laz…ôm ile baox madeni xalw…ôt ň§aslan g-m…ôŇ°k…ôt ň§aslan reŇ° ň§xas…ôt ň§aslan""","The d…ôqna-xwara said to the king: ""It is necessary for you [that] they bring milk of a lion in the skin of a lion on the back of a lion""",kachalona,2
"""o xalwa dar…ôtte reŇ° enox, enox palxi""","Should you put that milk upon your eyes, your eyes shall open",kachalona,2
wazire wakile kullu mahtal p…ôŇ°lu. ň§lal xd…ôrru.,The wazirs and the ministers all fell astonished. They went silent.,kachalona,2
"ň§Ň°ultana m…ôre ba-wazirew ba-wakilew: ""ya Ň°ula mani ň§mse odle?""","The king said to his wazirs and his ministers: ""Who can do this job?""",kachalona,2
"wazire wakile ň§lal p…ôŇ°lu, naŇ° m-tkew ň§la-b…ôrb…ôtle. m…ôru baew: ""ň§Ň°ultana ň§qurbanox xadrex, mani ň§mer ya Ň°ula odle? xalw…ôt ň§aslan g-m…ôŇ°k…ôt ň§aslan reŇ° ň§xas…ôt ň§aslan""","The wazirs and the ministers fell silent. Nobody moved from their place. They said to them: ň§Ň°ultana, may we become your sacrifice, who could dare to do this job? Milk of a lion in the skin of a lion on the back of a lion.""",kachalona,2
"ň§Ň°ultana m…ôre: ""tez xabra holun g-…ôprit ň§Ň°ultanuli g-kullu mamlakate, mani ile gora gabbara zudda, ez…ôl darmana made ň§ba-Ň°ultana -- xalw…ôt ň§aslan g-m…ôŇ°k…ôt ň§aslan reŇ° ň§xas…ôt ň§aslan -- mani-t xabri odle x…ôtn…ôt ň§Ň°ultana xad…ôr, ň§sańü idi yat…ôw""","The king said: ""Give out a statement quickly within the soil of my kingdom, in every state. Whoever is a brave hero should go bring medicine to the king -- milk of a lion in the skin of a lion on the back of a lion -- whoever can do my command will become the son in law of the king, he shall sit at my right hand""",kachalona,2
"ya xabra ň§mtele …ôl-naŇ°e …ôl-maxluqat, kud naŇ° …ôbele x…ôtnet ň§Ň°ultana xad…ôr",This statement arrived to the people and creations. Everybody wanted to become the king's son-in-law!,kachalona,2
"ň§Ň°ultana ň§raba kaŇ°iŇ° wele. mani-t ya Ň°ula odle, tk…ôt ň§Ň°ultana xad…ôr. ň§tanjew darela reŇ°ew.",the king was very withdrawn (monk-like). Whoever could do this job will take the king's place. He will put his crown upon him.,kachalona,2
"kullu jwanqe kullu ň§gabbare ya xabra Ň°amyane geziwa darmana madoe, bale la-deriwa.","All the young men, all the heroes; the hearers of this statement would go to bring the medicine, but they wouldn't return.",kachalona,2
ň§Ň°ultana p…ôŇ°le ň§kor,The king fell blind.,kachalona,2
xabra m-mani hawex? xabra hawex ň§m-dae ň§qari.,From whom do we have a word? We have a word from the old woman.,kachalona,3
"ň§dae ň§qari …ôl-d-ay xabra Ň°melale, …ôdyela geb kańćalona bronaw, m…ôra baew: ""mani-t darmana ň§ba-Ň°ultana made, x…ôtnew xad…ôr""","The old woman heard this decree, she came in to the dwelling of kańćalona, her son. She said to him: ""Whoever brings medicine to the king shall become his son-in-law""",kachalona,3
"kańćalona m…ôre ""la, la, qurbanax xadran ň§dae, ana m…ôn-d-ayne Ň°ule wale reŇ°i ň§la-pal…ôt. pruq m…ônni ytiwen reŇ° tanura, tara la-pluxle, mar qarda la-qepa …ôlli. ana Ň°…ômm…ôt ň§aslan Ň°amulen m-zdeli myalen. ana majur bezen xalw…ôt ň§aslan maden ň§ba-Ň°ultana""","kańćalona said: ""No, no, may I become your sacrifice mother. My head doesn't come out from these affairs. Leave me alone, I have sat upon the oven, don't open the door, let the cold not knock into me (don't make me catch a cold). [When] I hear the name of a lion, I am dying from fear. How will I go bring milk of a lion to the king?""",kachalona,3
"k…ômm…ôt ň§dae ň§qari lwela tqela …ôllew, ň§aman, ň§qurbanox xadran, heńć xabra la smele.","However much the old woman begged and pleaded with him, ""aman (woe), may I become your sacrifice,"" He didn't hear a word.",kachalona,3
"m…ôre baaw: ""tawaqa waden m…ônnax, ya xabra m-reŇ°ax ň§plutle""","He said to her: ""I have an expectation for you, take out this decree from your head""",kachalona,3
"o-xet yoma baqatyo(m), ň§dae ň§qari aqlaw …ônt…ôyila, z…ôlla daŇ°ta, ň§siwe ň§q…ôrp…ôŇ°la ba-amblalu Ň°uqa, zabnalu, xanńći ixala Ň°aqla madya bela.","In the morning the next day, the old woman picked up her feet, went to the field, gathered sticks [that] she will bring to the market to sell so that she might buy food to bring home.",kachalona,3
"har ň§dae ň§qari ň§pl…ôtla m-bela, haman d…ôqna-xwara ň§m-mańüara tar…ôt ň§dae ň§qari pl…ôxlele. ","Just as the old woman went out from the house, the same d…ôqna-xwara from the cave opened the door of the old woman ['s house].",kachalona,3
ň§w…ôre l…ôwa. ň§sm…ôxle tuŇ°in kańćalona. ,He went inside. He stood opposite kańćalona.,kachalona,3
kańćalona reŇ°ew mr…ômlele xzele o-ile xa-danka d…ôqna-xwara ň§smix ň§qam tar…ôt bela.,"kańćalona raised his head, and he saw there is a d…ôqna-xwara who has stood in front of the the door to the house.",kachalona,3
"x…ôre …ôllew, xzele d…ôqnew xwarta yar…ôxta, mare qoma, ň§salmew xwara, enew bahure, ň§m-salmew behra ň§palote.","He looked at him and saw his long, white beard, a masterful stature, his light face and his bright eyes; a glow coming off of his face.",kachalona,3
"kańćalona q…ômle mayrote, …ôdyele ň§qamew, d…ôqna nŇ°…ôqle. m…ôre: ""gaw…ôt eni …ôdyelox, ň§matlubox ma-ile?""","kańćalona rose trembling, he came before him and kissed his beard. He said: ""You have come into my eyes, what is your request?""",kachalona,3
"d…ôqna-xwara m…ôre: ""ytuw tkox ana xa xabra bahw…ônnox""","The d…ôqna-xwara said: ""Sit in your place, I will give you one command""",kachalona,3
"m…ôre baew d…ôqna-xwara: ""darman…ôt ň§Ň°ultana har at gbe-mad…ôtte, ň§attot …ôdyo(m) Ň°w…ôqlilox reŇ° tanura ki ň§haz…ôr hawet ba-d-ay yoma""","The d…ôqna-xwara said to him: ""Just you must bring the king's medicine. Until today I kept you upon the oven so that you may be prepared for this day""",kachalona,3
"""heńć ň§insan g-d-ay ň§ahra ň§aqlew ň§la-mte …ôllox, gena alpa Ň°…ônne. m-Ň°…ômme kl…ôwta wela, m-yom xadorox at gbe ň§Ň°ultan…ôt-d-ay ň§ahra xadret""","No human in this country can reach your intelligence, even in a thousand years. From the Heavens, it was written on the day of your birth: you will become the king of this country.""",kachalona,3
"""yomox …ôdyo(m) mtele. ytuw ň§jwan Ň°mi ň§w…ôrxa mafkr…ônna baox ki ň§mset …ôl-d-ay Ň°ula ň§palt…ôtte""","""Your day has come today. Sit, listen well, I shall explain to you the way that you can complete this job.""",kachalona,3
"kańćalona w…ôŇ°le, p…ôŇ°le g-tkew, mahtal p…ôŇ°le m…ôn-d-ayne xabre. ","kańćalona went stiff, he fell in his place, astonished at these words.",kachalona,3
"m…ôre baew: ""ň§ańüai, ma-t k…ômret, goden""","He said to him: ""my lord, whatever you will say, I will do""",kachalona,3
"d…ôqna-xwara idew d…ôryile ň§g-b…ôlwanew, ň§pl…ôtle m…ônnew ň§taha m…ôsy…ôt susawe: xa m…ôsta xwarta, xa komta, xa smoqta.","The d…ôqna-xwara put his hands into his pocket, and took out three horse hairs: one white hair, one black, and one red.",kachalona,3
"m…ôre: ""ayne m…ôsye drilu ň§g-b…ôrńüalox ň§paltet ezet ň§ba-w…ôrxox, iman…ôt xa-m…ôndińü taf…ôq …ôllox ň§g-w…ôrxa, xa m…ôsta ň§paltet maql…ôtta, suse gde ň§qamox gal kullu darzinew ň§xurjinew, sepa, badl…ôt rakkawe b-rang…ôt m…ôsta""","He said: ""Put these hairs in your inner jacket pocket, and set out and go on your way. Whenever something happens to you along the way, take out one hair and burn it. A horse shall come before you with all of these in the color of the hair: its harness, its saddlebag, a sword, and riding gear""",kachalona,3
"""rakwet reŇ° suse, ň§paltet ň§ba-w…ôrxox, peret daŇ°te ň§w-turawe. ň§laz…ôm (ile) uŇ°wa ň§turawe per…ôttu, bar m…ôn-d-o xa naŇ° ň§pal…ôt ň§qamox maslahat kw…ôllox ki ň§w…ôrxox ň§tammam od…ôtta.""","You shall ride upon the horse, you shall set out on your way, you shall pass by fields and mountains. It is necessary that you pass by seven mountains, after that a person shall appear in front of you, and they will give you advice so that you might complete your journey. ",kachalona,3
"""baqatta baqatyo(m), bahurula gbe, ň§paltet ň§w…ôrxox""","Tomorrow morning, when it is light, you must set out on your journey.",kachalona,3
xabra m-mani hawex? xabra hawex m-kańćalona,From whom do we have a word? We have a word from kańćalona.,kachalona,4
"axxona am…ôr baox, baqatyo(m) dunye bahore. ","a brother tells you, in the morning, the world brightens.",kachalona,4
kańćalona q…ômle xzele ň§dae ň§qari z…ôlla Ň°uqa. ,"kańćalona arose, and he saw that the old woman went to the market.",kachalona,4
"ň§jwan noŇ°ew ň§hamamlamiŇ° widale, ň§pl…ôtle ň§hayyat. s…ônńći m…ôndele ň§sańü gaba ň§sol gaba xzele naŇ° let","He bathed himself well, and came out to the yard. He cast his attention to the left (side) and the right (side): there wasn't anybody.",kachalona,4
"m…ôsta komta ň§p…ôltale ň§m-b…ôlwanew, m…ôqlale. xzele, b…ôrdan bira, xa ň§jwan suse, koma suse ň§sm…ôxle ň§qabańüew.","He took out the black hair (strand) from his pocket and burned it. he saw, suddenly, one nice horse, a black horse, stood before him.",kachalona,4
"mahtal p…ôŇ°le …ôl-d-ay suse. kullew koma, darzinew ň§xurjinew kullu kome ilu.",He fell astonished at this horse. It was all black. Its harness and its saddlebag were all black.,kachalona,4
"xzele reŇ°ew-…ôŇ° xa ň§jwan badla komta gal ksila komta, syame kome mabroqu magon ň§nohra.","He also saw upon it a nice, black riding-suit with a black hat, and black shoes shining like a mirror.",kachalona,4
"badla ma-badla, amret ň§m-mańüazy…ôt ň§Ň°ultane m…ôdyulla.",The riding-suit: what a riding-suit! You might say they have brought it from the store of kings.,kachalona,4
"tes tes badla lw…ôŇ°le ksila d…ôryale reŇ°ew, sepew reŇ° yanew ň§ys…ôrele.","He quickly dressed into the riding-suit. He put the hat on his head, and he tied his sword on his side.",kachalona,4
x…ôre xzele ň§qab…ôt sepa ň§mańćroze ň§yaqute ň§jawah…ôrate. sepa sep…ôt ň§Ň°ultane.,He looked and saw-- the sheath of the sword gleamed with sapphires and diamonds. The sword was a sword of kings.,kachalona,4
"kańćalona reŇ° suse rk…ôwle, Ň°…ômmet …ôlhew mdelele, suse ň§m…ôtr…ôplele, p…ôlle ň§ba-w…ôrxew.","kańćalona got on the horse, he brought the name of his Gd, he galloped the horse, and went on his way.",kachalona,4
"xazule kańćalona ya suse k…ômma q…ôwyele, har amret ara xel aqlew ň§ryata.","kańćalona sees how strong this horse is. Just as you might say, the ground under its feet is shaking.",kachalona,4
suse ň§farule magon poxa.,The horse flies like the wind.,kachalona,4
"belox la xar…ôw, m…ôre g-l…ôbbew ya d…ôqna-xwara kullu xabrew duz ilu.","""your house shouldn't be destroyed,"" he said in his heart. ""This d…ôqna-xwara, all of his words are true.""",kachalona,4
x…ôre xzele ň§mtele ň§qanŇ°ar uŇ°wa ň§turawe,he looked and saw that he arrived before seven mountains,kachalona,4
"kańćalona gal susew ys…ôqle kw…ôŇ°le ys…ôqle kw…ôŇ°le. bar tre Ň°we, m…ôn-d-ayne ň§turawe kw…ôŇ°le.","With his horse, kańćalona went up and down [the first mountain]. [Again and again], he went up and down. After two weeks, he came down from these mountains.",kachalona,4
"b…ôrdan bira, dunye xŇ°…ôxla, la Ň°…ômŇ°a, la sehra, heńćm…ôndińü. x…ôŇ°ka x…ôŇ°k…ôt …ôlha.","All of a sudden, the world darkened: no sun, no moon, nothing. The darkness was a darkness of God.",kachalona,4
"b…ôrdan Ň°mele qal ň§xuyyawe, janaware, Ň°edime. zdela ň§w…ôra g-jandagew, p…ôlle aqle ide.","Suddenly, he heard the voice of snakes, wild beasts, and demonic spirits (shedim). Fear entered his body. He fell to his hands and knees (lit. feet and hands)",kachalona,4
"m…ôre g-l…ôbbew, ""…ôlha ň§qurbanox xadren, leka p…ôlli, ma tf…ôqle …ôlli?""","He said in his heart, ""God -- may I be your sacrifice -- where I fall, what shall happen to me?""",kachalona,4
ň§attot o noŇ°ew ba-noŇ°ew maqule haman d…ôqna-xwara m-xa ň§mańüara ň§pl…ôtle ň§qamew,"While he is talking to himself, the same d…ôqna-xwara from a cave came out in front of him.",kachalona,4
"m…ôre: ""broni, lodet zadet, ya per…ôtte gal kulla ň§q…ôrtox""","He said: ""My boy, don't be afraid. You shall pass this with all your zeal.""",kachalona,4
"""ň§smux ň§qabańü d-ay ńćol ň§biyaban.""","""Stand before this deserted wilderness""",kachalona,4
"""p…ônnox pluxle, qalox mrumle, amret ma ň§xoŇ° tkela ya tka. ma daŇ°ta, ma en…ôt ň§moe Ň°aqqile, ńć…ôńćkale, warde""","Open your mouth, and raise your voice. Say what a pleasant place it is, this place. What a field, what springs and streams, sparrows and flowers.",kachalona,4
"""la-zadet. qw…ôttox tkila b-…ôlha. xeret bas ň§qamox, la-xeret bara""","""you shouldn't be afraid. Lean your strength in Gd. You shall look only on front of you, don't look back"" ",kachalona,4
b…ôrdan d…ôqna-xwara jim xd…ôre,"Suddenly, d…ôqna-xwara vanished",kachalona,4
kańćalona gal l…ôbba q…ôwya w…ôdle ma-t d…ôqna-xwara m…ôre baew,"Kańćalona, with a heavy heart, did what the d…ôqna-xwara told him. ",kachalona,4
"xzele b…ôrdan ya ńćol ya ň§byaban, ya x…ôŇ°k…ôt …ôlha kullu bh…ôru",He saw suddenly that this desert this wilderness this darkness of Gd all brightened. ,kachalona,4
"Ň°…ômŇ°a ň§pl…ôtla, daŇ°ta kulla xd…ôra sq…ôlta: warde, ilane","The sun came out, the field became all beautiful: flowers and trees. ",kachalona,4
"kańćalona p…ôre g-d-ayne daŇ°te ilane, ň§salmew idew aqlew x…ôllile ","As kańćalona passed into these fields and trees, he washed his face, his hands, and his feet. ",kachalona,4
"xanńći Ň°…ôndew Ň°…ôqlale, gisanulew ň§p…ôltale, ň§jwan lele ň§dm…ôxle","He took his sleep a little, he took out his tiredness, he slept a good night. ",kachalona,4
baqatyom rk…ôwle ň§ba-w…ôrxew,"In the morning, he rode on his way",kachalona,4
"bar tre Ň°we, xzele ň§mtele …ôl-xa tka kulla xanjare, sepe, sk…ônye (sg…ônye?) ň§palotu m-ara","After two weeks, he saw that he arrived at a place [with] all [these] daggers, swords and knives coming out from [sticking out of] the ground. ",kachalona,4
tka[ke] kulla ň§mlit…ôt ň§t…ôllisim ila. ,The place is all full of enigmatic mystery/magic illusions,kachalona,4
"m…ôre: ""…ôlha ň§qurbanox xadren, ana xa pengaw la-ň§msen daren laxxa. aqli idi kullu brinň§dar xadri""","He said: ""Gd, may I be your sacrifice, I am not able to place one step here. My feet and hands, all of them, shall become wounded!.""",kachalona,4
"""har"" noŇ°ew ba-noŇ°ew xashowe gal xdug…ôt l…ôbbew","""Anyway,"" he is thinking to himself, with the worries of his heart. ",kachalona,4
"b…ôrdan bira, haman d…ôqna-xwara ň§mtele","All of a sudden, the same d…ôqna-xwara arrived. ",kachalona,4
"m…ôre baew: ""broni, l…ôbbox la-pel, ana amr…ônnox ma-t odet""","He said to him, ""My boy, your heart shan't fall, I shall tell you what you should do.""",kachalona,4
"""Ň°…ômm…ôt …ôlha drile reŇ° p…ônnox. amret ma-sq…ôltela ya tka, ň§oret l…ôwa gal Ň°…ômm…ôt …ôlhox, la-zadet""","""Put the name of Gd upon your mouth. You shall say what a beautiful place this is. You shall enter inside with the name of your Gd, don't be afraid."" ",kachalona,4
"xabrew pr…ôqlele, d…ôqna-xwara jim xd…ôre","He finished his statement, and the d…ôqna-xwara vanished",kachalona,4
kańćalona p…ôŇ°le xamnoŇ°ew ,kańćalona remained by himself,kachalona,4
s…ônńći dh…ôlle …ôl-d-ayne sepe sk…ônye ki ň§palotu m-ara,He put his focus to these swords and knives that are sticking out of the ground,kachalona,4
"m…ôre: ""bah bah, bel ň§babox, ya ma ň§xoŇ° daŇ°tela yaruqta, ma ň§jwan warde ilane. la-kanen ya daŇ°ta gal ńćakmi ň§reńć…ônna""","He said: ""bah bah -- [like] the house of you father -- what a pleasant, green field this is. What nice flowers and trees. I don't have the heart to stomp on this field with my boot""",kachalona,4
"ńćakme ň§p…ôltile drelelu ň§g-b…ôlwanew, gal aqle x…ôpye ň§w…ôre g-d-ayne sk…ônye","He took off the boots and put them in his pockets. With bare feet, he entered into these knives (change to the field of knives?)",kachalona,4
"har pengaw aqlew d…ôryile, xzele kullu t…ôllisim ň§pl…ôtlu ","Each step that he took, he saw the illusions came out (went away)",kachalona,4
z…ôlle ň§qabańü ň§mtele …ôl-xa nehra,He went forward and arrived at a river,kachalona,4
"xzele nehra ma nehra, ň§moe gal Ň°aqqe",He saw the river -- what a river -- water with waves,kachalona,4
xzele ň§m-turawe l…ôlya kepe pyalu g-d-ay nehra,He saw rocks falling into this river from the mountains above,kachalona,4
zdela +w…ôra g-jandagew,Fear entered into his body,kachalona,4
"m…ôre g-l…ôbbew: ""…ôlha ň§qurbanox xadren g-d-ayne ň§moe majur ň§oren?""","He said in his heart (He thought to himself): ""Gd, may I be your sacrifice, how might I go in to this water?""",kachalona,4
"""xa-kepa pel, reŇ°i ň§qatele!""","""Should one rock fall, my head will be split open!""",kachalona,4
"noŇ°ew g-l…ôbbew maqule, haman d…ôqna-xwara tota matxrale ň§mtele …ôl-kańćalona","As he was talking to himself, the same d…ôqna-xwara remembered kindness and got to kańćalona",kachalona,4
"m…ôre baew: ""la-zdi jullox kullu Ň°alx…ôttu, ň§oret g-ň§moe. si ň§qabańü, la-zdi, nehra per…ôtte""","He said to him: ""Don't be afraid, take off all your clothes and go into the water. Go forward, don't be afraid, you shall cross the river""",kachalona,4
"ma-t d…ôqna-xwara m…ôre, kańćalona axxa w…ôdle","Whatever the d…ôqna-xwara said, kańćalona did as such",kachalona,4
"ň§w…ôre g-ň§moe nehra p…ôrele, ň§mtele …ôl-xa-daŇ°ta lut be-julle, bas ň§Ň°…ôrwale reŇ°ew ile","He went in to the water,  crossed the river, and arrived at a field naked without clothes, only pants were on him",kachalona,4
"xa yoma b-yomawe, malkammot m…ôre ba-…ôlha: ‚Äúxa Ň°pirula wud galli‚ÄĚ","One day in all the days, The Angel of Death said to God: ‚ÄúDo something good for me!‚ÄĚ",malkammot,1
m…ôre …ôlha: ‚Äúma abulet?‚ÄĚ,God responded: ‚ÄúWhat do you want?‚ÄĚ,malkammot,1
"malkammot m…ôre: ‚Äúabulen koŇ°en t…ôxya, xazen Ň°amen ma maqulu reŇ°i‚ÄĚ",The Angel of Death said: ‚ÄúI want to descend to the Earth and see what is being said about me‚ÄĚ,malkammot,1
…ôlha m…ôre: ‚Äúba-mayyox ile? ytuw tkox Ň°ulox wudle!‚ÄĚ,God retorted: ‚ÄúWhat is it for you? Sit down in your place and do your work!‚ÄĚ,malkammot,1
malkammot lwele tqele …ôl-…ôlha,But the Angel of Death pleaded and begged to God,malkammot,1
"…ôlha qb…ôlle: ‚ÄúŇ°pira, kuŇ°‚ÄĚ","And so God acquiesced: ‚ÄúOK, descend!‚ÄĚ",malkammot,1
"malkammot kw…ôŇ°le, xd…ôrre, Ň°mele, huŇ°ew …ôdyele; gora gw…ôrre, bronew xd…ôrre","The Angel of Death descended and flitted about. After a while, sense came to him: The man got married and had a son.",malkammot,1
"bronew ňĀrwele, yl…ôple, xd…ôrre hakima","His son grew up, studied well, and became a doctor.",malkammot,1
…ôlha m…ôre ba-malkammot: ‚Äúysuq! ňĀraba Ň°ula it!‚ÄĚ,Then God said to the Angel of Death: ‚ÄúAscend! There's a lot of work to do!‚ÄĚ,malkammot,1
"m…ôre: ‚Äú…ôlha, xa tre-xet Ň°…ônne holi! Ň°uli la-parq…ônne hala‚ÄĚ","The Angel of Death said back: ‚ÄúGod, give me one, two more years! I am not yet finished with my business‚ÄĚ",malkammot,1
"…ôlha m…ôre: ‚ÄúňĀńćara let, b-yasqet!‚ÄĚ","But God wouldn't budge: ‚ÄúIt cannot be helped, you must ascend!‚ÄĚ",malkammot,1
"ňĀńćara l…ôtwale, m…ôre ba-bronew: ‚Äú…ôl-d-ay ňĀs…ôr abulen amr…ônnox:‚ÄĚ","He didn't have a way out. Before he left, The Angel of Death said to his son: ‚ÄúI want to tell you a secret:‚ÄĚ",malkammot,1
"‚Äúana ňĀ…ônsan lewen, ana malkammot ilen‚ÄĚ",‚ÄúI am not human. I am The Angel of Death‚ÄĚ,malkammot,1
"‚Äúana …ôllox ňĀm…ôrweli, xd…ôrrox hakima. geb mani-t ňĀnoxoŇ° z…ôllox‚Ä¶‚ÄĚ","‚ÄúI raised you, and you became a doctor. At the house of whichever sick person you go to‚Ä¶‚ÄĚ",malkammot,1
"‚Äúagar …ôlli xzelox ytiwen reŇ° reŇ°ew, ňĀńćara l…ôtti, b-mel‚ÄĚ","‚ÄúIf you see me sitting on top of their head, I do not have a remedy and they will die‚ÄĚ",malkammot,1
"‚Äúagar xzelox ana ytiwen ňĀyan ňĀqińćew, ňĀńćara it, xaye‚ÄĚ","‚ÄúBut if you see me sitting by their legs, there is a remedy, and they may live‚ÄĚ",malkammot,1
"m…ôre: ‚ÄúňĀŇ°alom,‚ÄĚ wa-ys…ôqle Ň°…ômme","After hearing this, his son said ‚Äúshalom,‚ÄĚ and The Angel of Death ascended to the heavens.",malkammot,1
ya hakima ňĀraba fakure wele,Now this doctor was very smart,malkammot,1
"izala-wele geb ňĀnoxoŇ°, m…ôre: ‚Äúya b-mel, ya ňĀńćara …ôtte‚ÄĚ","When he would go into the houses of the sick, he would say: ‚Äúthis one will die‚ÄĚ ‚Äúthis one has a remedy‚ÄĚ",malkammot,1
ňĀraba ňĀraba ňĀtarife m…ôru reŇ°ew,"Over time, people sung many praises upon him",malkammot,1
itwa letwa xa danka olka,"Now, there was and there was not a city",malkammot,2
"g-d-o olka, brat ňĀŇ°ultana ňĀnoxoŇ° wela","In that city, the daughter of the king was sick",malkammot,2
"k…ômm…ôt hakime itwa g-d-o olka, la-ňĀs…ôlhelu darmana odi ki peŇ°a g-ňĀxae","However many doctors there were in that city, they were all unsuccessful in finding medicine to keep her alive",malkammot,2
"sardar…ôt ňĀŇ°ultana m…ôre: ‚ÄúňĀŇ°ultana, g-ňĀflan olka hakima ita magonew let‚ÄĚ","The king‚Äôs advisor said: ‚ÄúMy king, in so-and-so city, there is a doctor like none other‚ÄĚ",malkammot,2
m…ôre: ‚Äúsimun ňĀsruxune!‚ÄĚ,The king replied: ‚ÄúGo and get him!‚ÄĚ,malkammot,2
hakima …ôdyele ňĀqaba«ß ňĀŇ°ultana,The doctor came before the king,malkammot,2
"ňĀŇ°ultana m…ôre: ‚Äúbrati ňĀnoxoŇ° ila, agar darmana haw…ôtta ňĀtarsa, ana ňĀbaox p…ôlg…ôt ňĀŇ°ultanula kw…ônna","The king said to him: ‚ÄúMy daughter, she is sick. If you can give her medicine and fix her condition, I will give to you half the kingdom‚ÄĚ",malkammot,2
hakima m…ôre: ‚Äúabulen bratox xaz…ônna‚ÄĚ,The doctor said: ‚ÄúI would like to see your daughter‚ÄĚ,malkammot,2
…ôdyele geb brata xzele ňĀŇ°tita ila reŇ° ňĀńćarpaya,"He went to the girl‚Äôs house, and saw her lying upon the bed.",malkammot,2
"hakima xzele o-ile dadew, ytiw reŇ°aw","The doctor saw that his father was right there, sitting on top of her head.",malkammot,2
"m…ôre: ‚Äúdade, kuŇ° t…ôxya, ytuw ňĀyan aqlaw‚ÄĚ",He said: ‚ÄúDad! Get down from there! Sit by her feet!‚ÄĚ,malkammot,2
"m…ôre: ‚Äúbroni, la-xadra‚ÄĚ","The Angel of Death replied: ‚ÄúMy son, it cannot happen‚ÄĚ",malkammot,2
"m…ôre: ‚Äúana bronox ilen, p…ôlg…ôt ňĀŇ°ultanul√Ę qabulen. Ň°pirula wud galli‚ÄĚ",The doctor pressed: ‚ÄúI am your son. Half of the kingdom is being given to me! Do something good for me!‚ÄĚ,malkammot,2
"m…ôre: ‚Äúbroni, la-xadra‚ÄĚ","The Angel of Death replied: ‚ÄúMy son, it cannot happen",malkammot,2
"hakima fk…ôr w…ôdle, m…ôre: ‚Äúdade, xa-…ôsra yome bai mholta hol‚ÄĚ","The doctor thought for a bit, then said: ‚ÄúDad, give me a 10-day moratorium‚ÄĚ",malkammot,2
"fk…ôr w…ôdle malkammot, m…ôre: ‚Äúbroni, Ň°pira, ňĀxatrox la-tor…ônne‚ÄĚ","The Angel of Death thought about this, and responded: ‚ÄúMy son, OK, for your sake, I won't break it,‚ÄĚ then he left",malkammot,2
hakima …ôl-ňĀŇ°ultana ňĀsr…ôxlele,The doctor called for the king,malkammot,2
m…ôre: ‚Äúana bratox darmana kw…ônna ňĀtarsa. b√°le ma-t amr…ônnox axxa bodet‚ÄĚ,"He told him: ‚ÄúI will give your daughter medicine to fix her; but, whatever I tell you, you will do as such‚ÄĚ",malkammot,2
m…ôre: ‚ÄúňĀtalibulox ma-ila?‚ÄĚ,The king responded: ‚ÄúYour request: what is it?‚ÄĚ,malkammot,2
"m…ôre: ‚Äúk…ômm…ôt ňĀz…ôrne ňĀqawale, gal alpe mar adeni laxxa ňĀhaz…ôr haweni‚ÄĚ","He said: ‚ÄúHowever many zurnas and drums, by the thousand let them come here and get ready to play‚ÄĚ",malkammot,2
m…ôre: ‚Äúhakima Ň°…ôydinet?!‚ÄĚ,"One day in all the days, The Angel of Death said to God: ‚ÄúDo something good for me!‚ÄĚ",malkammot,2
"m…ôre: ‚Äúla, xabri Ň°mile‚ÄĚ",God responded: ‚ÄúWhat do you want?‚ÄĚ,malkammot,2
m…ôre: ‚ÄúňĀtow‚ÄĚ,The Angel of Death said: ‚ÄúI want to descend to the Earth and see what is being said about me‚ÄĚ,malkammot,2
"mdele m-k…ômma olkawe ňĀz…ôrne ňĀqawale, gal alpe mdele",God retorted: ‚ÄúWhat is it for you? Sit down in your place and do your work!‚ÄĚ,malkammot,2
"m…ôre: ‚Äúana niŇ°√Ęn haw…ônn…ôxun, ňĀz…ôrne ňĀqawale dhulun axxa ki ara w-Ň°…ômme zarzeni‚ÄĚ",But the Angel of Death pleaded and begged to God,malkammot,2
hakima xzele o-ile dadew idayle,"And so God acquiesced: ‚ÄúOK, descend!‚ÄĚ",malkammot,2
niŇ°√Ęn w…ôdle gal idew,"The Angel of Death descended and flitted about. After a while, sense came to him: The man got married and had a son.",malkammot,2
ňĀz…ôrne ňĀqawale dh…ôllu,"His son grew up, studied well, and became a doctor.",malkammot,2
ara w-Ň°…ômme z…ôrz…ôtlu,Then God said to the Angel of Death: ‚ÄúAscend! There's a lot of work to do!‚ÄĚ,malkammot,2
"m…ôre: ‚Äúbroni, ya ma-ňĀq…ôstela?‚ÄĚ","The Angel of Death said back: ‚ÄúGod, give me one, two more years! I am not yet finished with my business‚ÄĚ",malkammot,2
"m…ôre: ‚Äúdade, ňĀdai badya‚ÄĚ","But God wouldn't budge: ‚ÄúIt cannot be helped, you must ascend!‚ÄĚ",malkammot,2
